{
	"tags": null,
	"position": [
		-5.610548496246338,
		-6.500812530517578,
		3.4081385135650635
	],
	"rotation": [
		0,
		1.5809635503519792,
		0
	],
	"scaling": [
		0.3500000238225215,
		0.4000000059604645,
		0.3000000204199805
	],
	"billboardMode": 0,
	"scalingDeterminant": 1,
	"infiniteDistance": false,
	"ignoreNonUniformScaling": false,
	"reIntegrateRotationIntoRotationQuaternion": false,
	"name": "Sci-Fi Parts Kit Pack  vol 01 Free.fbx",
	"id": "ea4a7c2b-03bc-40ea-82cb-3e33e396af10",
	"state": "",
	"metadata": {
		"script": {
			"name": "None"
		}
	},
	"type": "TransformNode",
	"uniqueId": 108,
	"localMatrix": {
		"0": 1,
		"1": 0,
		"2": 0,
		"3": 0,
		"4": 0,
		"5": 1,
		"6": 0,
		"7": 0,
		"8": 0,
		"9": 0,
		"10": 1,
		"11": 0,
		"12": 0,
		"13": 0,
		"14": 0,
		"15": 1
	},
	"isEnabled": true
}