{
	"materials": [],
	"meshes": [
		{
			"name": "BatteryBox",
			"id": "2aefd1b0-266c-432a-a2b1-72a7a93aebcf",
			"uniqueId": 104,
			"type": "Mesh",
			"position": [
				-10.76246452331543,
				5.2844109535217285,
				-14.347149848937988
			],
			"rotationQuaternion": [
				0,
				0,
				0,
				1
			],
			"scaling": [
				0.30000001192092896,
				0.30000001192092896,
				0.30000001192092896
			],
			"localMatrix": {
				"0": 1,
				"1": 0,
				"2": 0,
				"3": 0,
				"4": 0,
				"5": 1,
				"6": 0,
				"7": 0,
				"8": 0,
				"9": 0,
				"10": 1,
				"11": 0,
				"12": 0,
				"13": 0,
				"14": 0,
				"15": 1
			},
			"isEnabled": true,
			"isVisible": true,
			"infiniteDistance": false,
			"pickable": true,
			"receiveShadows": false,
			"billboardMode": 0,
			"visibility": 1,
			"checkCollisions": false,
			"isBlocker": false,
			"overrideMaterialSideOrientation": null,
			"parentId": "28cdc84a-79c4-4d9f-8fc5-30a614536e84",
			"isUnIndexed": false,
			"materialId": "f7cf0220-e204-4bd1-838a-08027762fdda",
			"metadata": {
				"basePoseMatrix": {
					"0": 3.3333332538604736,
					"1": 0,
					"2": 0,
					"3": 0,
					"4": 0,
					"5": 3.3333332538604736,
					"6": 0,
					"7": 0,
					"8": 0,
					"9": 0,
					"10": 3.3333332538604736,
					"11": 0,
					"12": 35.874881744384766,
					"13": -17.614702224731445,
					"14": 47.823829650878906,
					"15": 1
				},
				"originalSourceFile": {
					"id": "db248fee-d9ed-479f-98a0-55c752834410",
					"name": "BatteryBox",
					"sceneFileName": "EngineRoomCorridor/scene.babylon"
				},
				"isPickable": false,
				"script": {
					"name": "None"
				},
				"renderingGroupId": 0
			},
			"instances": [],
			"animations": [],
			"ranges": [],
			"layerMask": 268435455,
			"alphaIndex": 1.7976931348623157e+308,
			"hasVertexAlpha": false,
			"overlayAlpha": 0.5,
			"overlayColor": [
				1,
				0,
				0
			],
			"applyFog": true
		}
	],
	"multiMaterials": [],
	"lods": []
}