{
	"materials": [],
	"meshes": [
		{
			"name": "BatteryBase",
			"id": "465246f2-d9f7-4229-8946-39e659d558e5",
			"uniqueId": 127,
			"type": "Mesh",
			"position": [
				0,
				0.009999999776482582,
				0
			],
			"rotationQuaternion": [
				0.7071068286895752,
				0,
				0,
				0.7071067094802856
			],
			"scaling": [
				0.5,
				0.5,
				0.75
			],
			"localMatrix": {
				"0": 1,
				"1": 0,
				"2": 0,
				"3": 0,
				"4": 0,
				"5": 1,
				"6": 0,
				"7": 0,
				"8": 0,
				"9": 0,
				"10": 1,
				"11": 0,
				"12": 0,
				"13": 0,
				"14": 0,
				"15": 1
			},
			"isEnabled": true,
			"isVisible": true,
			"infiniteDistance": false,
			"pickable": true,
			"receiveShadows": false,
			"billboardMode": 0,
			"visibility": 1,
			"checkCollisions": false,
			"isBlocker": false,
			"overrideMaterialSideOrientation": 0,
			"parentId": "08243b96-c262-4c93-9eeb-8c4ceed97ca5",
			"isUnIndexed": false,
			"geometryId": "a0632110-d1a0-49be-b2e6-cd1b50e5a46d",
			"subMeshes": null,
			"materialId": "23237b49-3250-493c-9c61-0b02fc74f1b9",
			"metadata": {
				"gltf": {
					"pointers": [
						"/meshes/0/primitives/0",
						"/nodes/0"
					]
				},
				"basePoseMatrix": {
					"0": 2,
					"1": 0,
					"2": 0,
					"3": 0,
					"4": 0,
					"5": -2.687177413918107e-7,
					"6": -1.3333333730697632,
					"7": 0,
					"8": 0,
					"9": 2,
					"10": -1.791451467170191e-7,
					"11": 0,
					"12": 0,
					"13": 2.687177147464581e-9,
					"14": 0.013333332724869251,
					"15": 1
				},
				"originalSourceFile": {
					"id": "27d3b240-c9ad-400e-87ea-bb3bbb097d69",
					"name": "BatteryBase",
					"sceneFileName": "EngineRoomCorridor/scene.babylon"
				},
				"isPickable": false,
				"script": {
					"name": "None"
				},
				"renderingGroupId": 0
			},
			"instances": [],
			"animations": [],
			"ranges": [],
			"layerMask": 268435455,
			"alphaIndex": 1.7976931348623157e+308,
			"hasVertexAlpha": false,
			"overlayAlpha": 0.3,
			"overlayColor": [
				1,
				0,
				0
			],
			"applyFog": true,
			"delayLoadingFile": "geometries/a0632110-d1a0-49be-b2e6-cd1b50e5a46d.babylonbinarymeshdata",
			"boundingBoxMaximum": [
				1,
				0.9510565996170044,
				0.9247465133666992
			],
			"boundingBoxMinimum": [
				-1.0000001192092896,
				-0.951056718826294,
				-1.2301875352859497
			],
			"_binaryInfo": {
				"positionsAttrDesc": {
					"count": 906,
					"stride": 3,
					"offset": 0,
					"dataType": 1
				},
				"normalsAttrDesc": {
					"count": 906,
					"stride": 3,
					"offset": 3624,
					"dataType": 1
				},
				"uvsAttrDesc": {
					"count": 604,
					"stride": 2,
					"offset": 7248,
					"dataType": 1
				},
				"indicesAttrDesc": {
					"count": 540,
					"stride": 1,
					"offset": 9664,
					"dataType": 0
				},
				"subMeshesAttrDesc": {
					"count": 1,
					"stride": 5,
					"offset": 11824,
					"dataType": 0
				}
			},
			"positions": null,
			"normals": null,
			"uvs": null,
			"hasUVs": true,
			"indices": null
		}
	],
	"multiMaterials": [],
	"lods": []
}