{
	"materials": [],
	"meshes": [
		{
			"name": "EntryDoor",
			"id": "295e7e05-e5f8-4fba-aa02-a2818c15a9a8",
			"uniqueId": 131,
			"type": "Mesh",
			"position": [
				33.2100944519043,
				-0.1683265119791031,
				-2.239161729812622
			],
			"rotationQuaternion": [
				0,
				0,
				0.7071067811865475,
				0.7071067811865476
			],
			"scaling": [
				0.25547999143600464,
				0.18289759755134583,
				0.3091340661048889
			],
			"localMatrix": {
				"0": 1,
				"1": 0,
				"2": 0,
				"3": 0,
				"4": 0,
				"5": 1,
				"6": 0,
				"7": 0,
				"8": 0,
				"9": 0,
				"10": 1,
				"11": 0,
				"12": 0,
				"13": 0,
				"14": 0,
				"15": 1
			},
			"isEnabled": true,
			"isVisible": true,
			"infiniteDistance": false,
			"pickable": true,
			"receiveShadows": false,
			"billboardMode": 0,
			"visibility": 1,
			"checkCollisions": true,
			"isBlocker": false,
			"overrideMaterialSideOrientation": null,
			"parentId": "1d82641d-33f7-4446-9e28-6b4fb183f87d",
			"isUnIndexed": false,
			"geometryId": "fe9f356f-0966-45d2-a53f-42679de36513",
			"subMeshes": null,
			"materialId": "d0764c71-425b-4dbc-ad26-30dacb110ef6",
			"metadata": {
				"basePoseMatrix": {
					"0": 8.691271664087183e-16,
					"1": -5.467540264129639,
					"2": 0,
					"3": 0,
					"4": 3.914200782775879,
					"5": 1.214037817860367e-15,
					"6": 0,
					"7": 0,
					"8": 0,
					"9": 0,
					"10": 3.234842538833618,
					"11": 0,
					"12": 0.6588637828826904,
					"13": 181.57752990722656,
					"14": 7.243335247039795,
					"15": 1
				},
				"originalSourceFile": {
					"id": "43be166e-7d38-45e3-9b3b-51d72b396eba",
					"name": "EntryDoor",
					"sceneFileName": "EngineRoomCorridor/scene.babylon"
				},
				"isPickable": false,
				"script": {
					"name": "None"
				},
				"renderingGroupId": 0
			},
			"instances": [
				{
					"name": "ExitDoor",
					"id": "01a479cc-4a38-4630-aa2e-b5eaab080517",
					"isEnabled": true,
					"isVisible": true,
					"isPickable": true,
					"checkCollisions": true,
					"position": [
						-6.114073753356934,
						-0.19015198945999146,
						-2.239161968231201
					],
					"scaling": [
						0.25547999143600464,
						0.18289761245250702,
						0.3091340661048889
					],
					"parentId": "1d82641d-33f7-4446-9e28-6b4fb183f87d",
					"rotationQuaternion": [
						0,
						0,
						0.7071067811865475,
						0.7071067811865476
					],
					"metadata": {
						"isPickable": false,
						"script": {
							"name": "None"
						},
						"renderingGroupId": 0
					},
					"animations": [],
					"ranges": []
				}
			],
			"animations": [],
			"ranges": [],
			"layerMask": 268435455,
			"alphaIndex": 1.7976931348623157e+308,
			"hasVertexAlpha": false,
			"overlayAlpha": 0.3,
			"overlayColor": [
				1,
				0,
				0
			],
			"applyFog": true,
			"delayLoadingFile": "geometries/fe9f356f-0966-45d2-a53f-42679de36513.babylonbinarymeshdata",
			"boundingBoxMaximum": [
				19.736400604248047,
				1.4978151321411133,
				8.946266174316406
			],
			"boundingBoxMinimum": [
				-0.348696231842041,
				-1.4978151321411133,
				-8.94626522064209
			],
			"_binaryInfo": {
				"positionsAttrDesc": {
					"count": 5580,
					"stride": 3,
					"offset": 0,
					"dataType": 1
				},
				"normalsAttrDesc": {
					"count": 5580,
					"stride": 3,
					"offset": 22320,
					"dataType": 1
				},
				"uvsAttrDesc": {
					"count": 3720,
					"stride": 2,
					"offset": 44640,
					"dataType": 1
				},
				"indicesAttrDesc": {
					"count": 1860,
					"stride": 1,
					"offset": 59520,
					"dataType": 0
				},
				"subMeshesAttrDesc": {
					"count": 1,
					"stride": 5,
					"offset": 66960,
					"dataType": 0
				}
			},
			"positions": null,
			"normals": null,
			"uvs": null,
			"hasUVs": true,
			"indices": null
		}
	],
	"multiMaterials": [],
	"lods": []
}