{
	"materials": [],
	"meshes": [
		{
			"name": "InsertedBatter1",
			"id": "beb20665-35b4-45fb-88ae-a6eb5943fd15",
			"uniqueId": 113,
			"type": "Mesh",
			"position": [
				-10.990521430969238,
				5.2618279457092285,
				-13.97072696685791
			],
			"rotationQuaternion": [
				0,
				0,
				0,
				1
			],
			"scaling": [
				0.30000001192092896,
				0.5,
				0.30000001192092896
			],
			"localMatrix": {
				"0": 1,
				"1": 0,
				"2": 0,
				"3": 0,
				"4": 0,
				"5": 1,
				"6": 0,
				"7": 0,
				"8": 0,
				"9": 0,
				"10": 1,
				"11": 0,
				"12": 0,
				"13": 0,
				"14": 0,
				"15": 1
			},
			"isEnabled": true,
			"isVisible": true,
			"infiniteDistance": false,
			"pickable": true,
			"receiveShadows": false,
			"billboardMode": 0,
			"visibility": 1,
			"checkCollisions": false,
			"isBlocker": false,
			"overrideMaterialSideOrientation": null,
			"parentId": "28cdc84a-79c4-4d9f-8fc5-30a614536e84",
			"isUnIndexed": false,
			"materialId": "f7cf0220-e204-4bd1-838a-08027762fdda",
			"metadata": {
				"basePoseMatrix": {
					"0": 3.3333332538604736,
					"1": 0,
					"2": 0,
					"3": 0,
					"4": 0,
					"5": 2,
					"6": 0,
					"7": 0,
					"8": 0,
					"9": 0,
					"10": 3.3333332538604736,
					"11": 0,
					"12": 36.63507080078125,
					"13": -10.523655891418457,
					"14": 46.569087982177734,
					"15": 1
				},
				"originalSourceFile": {
					"id": "2e90538c-e112-4053-9359-b908a657cbad",
					"name": "InsertedBatter1",
					"sceneFileName": "EngineRoomCorridor/scene.babylon"
				},
				"isPickable": false,
				"script": {
					"name": "None"
				},
				"renderingGroupId": 0
			},
			"instances": [],
			"animations": [],
			"ranges": [],
			"layerMask": 268435455,
			"alphaIndex": 1.7976931348623157e+308,
			"hasVertexAlpha": false,
			"overlayAlpha": 0.5,
			"overlayColor": [
				1,
				0,
				0
			],
			"applyFog": true
		}
	],
	"multiMaterials": [],
	"lods": []
}