{
	"materials": [],
	"meshes": [
		{
			"name": "New Ground",
			"id": "2a77bff8-22e3-4017-a8ee-05484322e514",
			"uniqueId": 39,
			"type": "GroundMesh",
			"position": [
				12.124777793884277,
				0,
				-2.35799503326416
			],
			"rotation": [
				0,
				1.5707963267948963,
				0
			],
			"scaling": [
				0.06156855449080467,
				0.06156855449080467,
				0.09821117669343948
			],
			"localMatrix": {
				"0": 1,
				"1": 0,
				"2": 0,
				"3": 0,
				"4": 0,
				"5": 1,
				"6": 0,
				"7": 0,
				"8": 0,
				"9": 0,
				"10": 1,
				"11": 0,
				"12": 0,
				"13": 0,
				"14": 0,
				"15": 1
			},
			"isEnabled": true,
			"isVisible": true,
			"infiniteDistance": false,
			"pickable": true,
			"receiveShadows": false,
			"billboardMode": 0,
			"visibility": 1,
			"checkCollisions": true,
			"isBlocker": false,
			"overrideMaterialSideOrientation": null,
			"parentId": "1d82641d-33f7-4446-9e28-6b4fb183f87d",
			"isUnIndexed": false,
			"geometryId": "9957f60a-710b-4502-84d2-f331d00288f1",
			"subMeshes": null,
			"materialId": "8e848676-45b6-41f6-8fb3-da507beab54d",
			"metadata": {
				"isPickable": false,
				"script": {
					"name": "None"
				},
				"renderingGroupId": 0,
				"basePoseMatrix": {
					"0": 3.606461307435575e-15,
					"1": 0,
					"2": 10.182140350341797,
					"3": 0,
					"4": 0,
					"5": 16.24205780029297,
					"6": 0,
					"7": 0,
					"8": -16.24205780029297,
					"9": 0,
					"10": 2.260889331382864e-15,
					"11": 0,
					"12": -38.29869079589844,
					"13": 0,
					"14": -123.45619201660156,
					"15": 1
				},
				"originalSourceFile": {
					"id": "f6cf7ca7-7adb-4e2f-bb65-3fd9e0abd648",
					"name": "New Ground",
					"sceneFileName": "EngineRoomCorridor/scene.babylon"
				}
			},
			"instances": [],
			"animations": [],
			"ranges": [],
			"layerMask": 268435455,
			"alphaIndex": 1.7976931348623157e+308,
			"hasVertexAlpha": false,
			"overlayAlpha": 0.3,
			"overlayColor": [
				1,
				0,
				0
			],
			"applyFog": true,
			"subdivisionsX": 32,
			"subdivisionsY": 32,
			"minX": -256,
			"maxX": 256,
			"minZ": -256,
			"maxZ": 256,
			"width": 512,
			"height": 512,
			"delayLoadingFile": "geometries/9957f60a-710b-4502-84d2-f331d00288f1.babylonbinarymeshdata",
			"boundingBoxMaximum": [
				256,
				0,
				256
			],
			"boundingBoxMinimum": [
				-256,
				0,
				-256
			],
			"_binaryInfo": {
				"positionsAttrDesc": {
					"count": 3267,
					"stride": 3,
					"offset": 0,
					"dataType": 1
				},
				"normalsAttrDesc": {
					"count": 3267,
					"stride": 3,
					"offset": 13068,
					"dataType": 1
				},
				"uvsAttrDesc": {
					"count": 2178,
					"stride": 2,
					"offset": 26136,
					"dataType": 1
				},
				"indicesAttrDesc": {
					"count": 6144,
					"stride": 1,
					"offset": 34848,
					"dataType": 0
				},
				"subMeshesAttrDesc": {
					"count": 1,
					"stride": 5,
					"offset": 59424,
					"dataType": 0
				}
			},
			"positions": null,
			"normals": null,
			"uvs": null,
			"hasUVs": true,
			"indices": null
		}
	],
	"multiMaterials": [],
	"lods": []
}