{
	"materials": [],
	"meshes": [
		{
			"name": "Scanner",
			"id": "bf495d2d-8beb-443b-9c46-65561d404f34",
			"uniqueId": 75,
			"type": "Mesh",
			"position": [
				1.2383699417114258,
				0.06825542449951172,
				0
			],
			"rotationQuaternion": [
				0.7071068286900859,
				0,
				0,
				0.7071067336830061
			],
			"scaling": [
				1.5572019815444946,
				0.4152538776397742,
				2.5953373908996817
			],
			"localMatrix": {
				"0": 1,
				"1": 0,
				"2": 0,
				"3": 0,
				"4": 0,
				"5": 1,
				"6": 0,
				"7": 0,
				"8": 0,
				"9": 0,
				"10": 1,
				"11": 0,
				"12": 0,
				"13": 0,
				"14": 0,
				"15": 1
			},
			"isEnabled": true,
			"isVisible": true,
			"infiniteDistance": false,
			"pickable": true,
			"receiveShadows": false,
			"billboardMode": 0,
			"visibility": 1,
			"checkCollisions": false,
			"isBlocker": false,
			"overrideMaterialSideOrientation": 0,
			"parentId": "3f3b9bbb-267f-4dd3-8d52-788168535bb4",
			"isUnIndexed": false,
			"geometryId": "cbe6bf55-91b1-4e19-997c-14dd8bbc3104",
			"subMeshes": null,
			"materialId": "f7cf0220-e204-4bd1-838a-08027762fdda",
			"metadata": {
				"gltf": {
					"pointers": [
						"/meshes/2/primitives/0",
						"/nodes/2"
					]
				},
				"basePoseMatrix": {
					"0": 0.6421774625778198,
					"1": 0,
					"2": 0,
					"3": 0,
					"4": 0,
					"5": -3.235618066810275e-7,
					"6": -0.38530635833740234,
					"7": 0,
					"8": 0,
					"9": 2.408165454864502,
					"10": -5.176987727395499e-8,
					"11": 0,
					"12": -0.7952532768249512,
					"13": 2.2084849504722115e-8,
					"14": 0.02629924938082695,
					"15": 1
				},
				"originalSourceFile": {
					"id": "89bf00e5-58b0-43cb-83c0-15ff20c46302",
					"name": "Scanner",
					"sceneFileName": "EngineRoomCorridor/scene.babylon"
				},
				"isPickable": false,
				"script": {
					"name": "None"
				},
				"renderingGroupId": 0
			},
			"instances": [],
			"animations": [],
			"ranges": [],
			"layerMask": 268435455,
			"alphaIndex": 1.7976931348623157e+308,
			"hasVertexAlpha": false,
			"overlayAlpha": 0.3,
			"overlayColor": [
				1,
				0,
				0
			],
			"applyFog": true,
			"delayLoadingFile": "geometries/cbe6bf55-91b1-4e19-997c-14dd8bbc3104.babylonbinarymeshdata",
			"boundingBoxMaximum": [
				0.5,
				0.5,
				0.49999988079071045
			],
			"boundingBoxMinimum": [
				-0.5,
				-0.5,
				-0.5000000596046448
			],
			"_binaryInfo": {
				"positionsAttrDesc": {
					"count": 390,
					"stride": 3,
					"offset": 0,
					"dataType": 1
				},
				"normalsAttrDesc": {
					"count": 390,
					"stride": 3,
					"offset": 1560,
					"dataType": 1
				},
				"uvsAttrDesc": {
					"count": 260,
					"stride": 2,
					"offset": 3120,
					"dataType": 1
				},
				"indicesAttrDesc": {
					"count": 348,
					"stride": 1,
					"offset": 4160,
					"dataType": 0
				},
				"subMeshesAttrDesc": {
					"count": 1,
					"stride": 5,
					"offset": 5552,
					"dataType": 0
				}
			},
			"positions": null,
			"normals": null,
			"uvs": null,
			"hasUVs": true,
			"indices": null
		}
	],
	"multiMaterials": [],
	"lods": []
}