{
	"materials": [],
	"meshes": [
		{
			"name": "__root__",
			"id": "b9d9421a-a59f-4fcb-bde2-5c989e67d5a4",
			"uniqueId": 381,
			"type": "Mesh",
			"position": [
				26.128944396972656,
				2.0073094367980957,
				50.84182357788086
			],
			"rotationQuaternion": [
				0,
				0.8842575923373386,
				0,
				-0.46699947579603707
			],
			"scaling": [
				5.000000788538831,
				5,
				5.000000788538831
			],
			"localMatrix": {
				"0": 1,
				"1": 0,
				"2": 0,
				"3": 0,
				"4": 0,
				"5": 1,
				"6": 0,
				"7": 0,
				"8": 0,
				"9": 0,
				"10": 1,
				"11": 0,
				"12": 0,
				"13": 0,
				"14": 0,
				"15": 1
			},
			"isEnabled": true,
			"isVisible": true,
			"infiniteDistance": false,
			"pickable": true,
			"receiveShadows": false,
			"billboardMode": 0,
			"visibility": 1,
			"checkCollisions": false,
			"isBlocker": false,
			"overrideMaterialSideOrientation": null,
			"parentId": "5721e119-d4ca-483f-9c8b-6d26b95389dd",
			"isUnIndexed": false,
			"materialId": "6693af2b-de2c-4ead-9ac0-857f212c4887",
			"metadata": {
				"basePoseMatrix": {
					"0": -0.11276458203792572,
					"1": 0,
					"2": -0.16517910361289978,
					"3": 0,
					"4": 0,
					"5": 0.20000000298023224,
					"6": 0,
					"7": 0,
					"8": 0.16517910361289978,
					"9": 0,
					"10": -0.11276458203792572,
					"11": 0,
					"12": -5.451587677001953,
					"13": -0.4014618992805481,
					"14": 10.049112319946289,
					"15": 1
				},
				"originalSourceFile": {
					"id": "63284a81-6481-483e-8219-cc922e008ba3",
					"name": "__root__",
					"sceneFileName": "EngineRoom/scene/scene.babylon"
				},
				"isPickable": false,
				"script": {
					"name": "None"
				},
				"renderingGroupId": 0
			},
			"instances": [],
			"animations": [],
			"ranges": [],
			"layerMask": 268435455,
			"alphaIndex": 1.7976931348623157e+308,
			"hasVertexAlpha": false,
			"overlayAlpha": 0.5,
			"overlayColor": [
				1,
				0,
				0
			],
			"applyFog": true
		}
	],
	"multiMaterials": [],
	"lods": []
}