{
	"materials": [],
	"meshes": [
		{
			"name": "__root__",
			"id": "e288100a-e713-45fb-a1bf-4887a27e12b0",
			"uniqueId": 365,
			"type": "Mesh",
			"position": [
				10.909090995788574,
				9.724119186401367,
				57.99506378173828
			],
			"rotationQuaternion": [
				1,
				6.123234924670329e-17,
				6.123234924670329e-17,
				3.749401130571296e-33
			],
			"scaling": [
				0.6986300945281982,
				-0.9999998211860657,
				0.999999463558197
			],
			"localMatrix": {
				"0": 1,
				"1": 0,
				"2": 0,
				"3": 0,
				"4": 0,
				"5": 1,
				"6": 0,
				"7": 0,
				"8": 0,
				"9": 0,
				"10": 1,
				"11": 0,
				"12": 0,
				"13": 0,
				"14": 0,
				"15": 1
			},
			"isEnabled": true,
			"isVisible": true,
			"infiniteDistance": false,
			"pickable": true,
			"receiveShadows": false,
			"billboardMode": 0,
			"visibility": 1,
			"checkCollisions": false,
			"isBlocker": false,
			"overrideMaterialSideOrientation": null,
			"parentId": "5721e119-d4ca-483f-9c8b-6d26b95389dd",
			"isUnIndexed": false,
			"materialId": "6693af2b-de2c-4ead-9ac0-857f212c4887",
			"metadata": {
				"basePoseMatrix": {
					"0": 1.4313726425170898,
					"1": -1.2246471172829639e-16,
					"2": 1.224647646678556e-16,
					"3": 0,
					"4": 1.752926081664404e-16,
					"5": 1.000000238418579,
					"6": -1.9100412730964062e-39,
					"7": 0,
					"8": 1.752926214013302e-16,
					"9": -1.4997604919051635e-32,
					"10": -1.0000005960464478,
					"11": 0,
					"12": -15.614974021911621,
					"13": -9.72412109375,
					"14": 57.995094299316406,
					"15": 1
				},
				"originalSourceFile": {
					"id": "9b2e4eca-1812-4361-b0c8-318f70b4b954",
					"name": "__root__",
					"sceneFileName": "EngineRoom/scene/scene.babylon"
				},
				"isPickable": false,
				"script": {
					"name": "None"
				},
				"renderingGroupId": 0
			},
			"instances": [],
			"animations": [],
			"ranges": [],
			"layerMask": 268435455,
			"alphaIndex": 1.7976931348623157e+308,
			"hasVertexAlpha": false,
			"overlayAlpha": 0.5,
			"overlayColor": [
				1,
				0,
				0
			],
			"applyFog": true
		}
	],
	"multiMaterials": [],
	"lods": []
}