{
	"materials": [],
	"meshes": [
		{
			"name": "__root__",
			"id": "65c1ad9f-3001-4fe5-ab42-f47bc8db0b78",
			"uniqueId": 387,
			"type": "Mesh",
			"position": [
				21.172203063964844,
				9.43587589263916,
				56.37172317504883
			],
			"rotationQuaternion": [
				0.8861756711992937,
				0,
				-0.46334941434567667,
				0
			],
			"scaling": [
				0.9336673823262599,
				-0.9336671829223633,
				0.8331791600232928
			],
			"localMatrix": {
				"0": 1,
				"1": 0,
				"2": 0,
				"3": 0,
				"4": 0,
				"5": 1,
				"6": 0,
				"7": 0,
				"8": 0,
				"9": 0,
				"10": 1,
				"11": 0,
				"12": 0,
				"13": 0,
				"14": 0,
				"15": 1
			},
			"isEnabled": true,
			"isVisible": true,
			"infiniteDistance": false,
			"pickable": true,
			"receiveShadows": false,
			"billboardMode": 0,
			"visibility": 1,
			"checkCollisions": true,
			"isBlocker": false,
			"overrideMaterialSideOrientation": null,
			"parentId": "5721e119-d4ca-483f-9c8b-6d26b95389dd",
			"isUnIndexed": false,
			"materialId": "6693af2b-de2c-4ead-9ac0-857f212c4887",
			"metadata": {
				"basePoseMatrix": {
					"0": 0.6111540794372559,
					"1": 0,
					"2": -0.9856439232826233,
					"3": 0,
					"4": 0,
					"5": 1.0710455179214478,
					"6": 0,
					"7": 0,
					"8": -0.8795616030693054,
					"9": 0,
					"10": -0.6848642230033875,
					"11": 0,
					"12": 36.642921447753906,
					"13": -10.10625171661377,
					"14": 59.4752311706543,
					"15": 1
				},
				"originalSourceFile": {
					"id": "3c8b04ea-2038-4092-91d1-d3298c592753",
					"name": "__root__",
					"sceneFileName": "EngineRoom/scene/scene.babylon"
				},
				"isPickable": false,
				"script": {
					"name": "None"
				},
				"renderingGroupId": 0
			},
			"instances": [],
			"animations": [],
			"ranges": [],
			"layerMask": 268435455,
			"alphaIndex": 1.7976931348623157e+308,
			"hasVertexAlpha": false,
			"overlayAlpha": 0.5,
			"overlayColor": [
				1,
				0,
				0
			],
			"applyFog": true
		}
	],
	"multiMaterials": [],
	"lods": []
}