{
	"materials": [],
	"meshes": [
		{
			"name": "Battery_Panel_cover",
			"id": "58ddfb92-631e-495c-a06d-5fa45415eee6",
			"uniqueId": 360,
			"type": "Mesh",
			"position": [
				0,
				0.02499999850988388,
				1.657341480255127
			],
			"rotationQuaternion": [
				0.7071068286895752,
				0,
				0,
				0.7071067094802856
			],
			"scaling": [
				5.099999904632568,
				0.30000001192092896,
				4.099999904632568
			],
			"localMatrix": {
				"0": 1,
				"1": 0,
				"2": 0,
				"3": 0,
				"4": 0,
				"5": 1,
				"6": 0,
				"7": 0,
				"8": 0,
				"9": 0,
				"10": 1,
				"11": 0,
				"12": 0,
				"13": 0,
				"14": 0,
				"15": 1
			},
			"isEnabled": true,
			"isVisible": true,
			"infiniteDistance": false,
			"pickable": true,
			"receiveShadows": false,
			"billboardMode": 0,
			"visibility": 1,
			"checkCollisions": false,
			"isBlocker": false,
			"overrideMaterialSideOrientation": 0,
			"parentId": "1c125af9-e4c6-4cb6-867f-39c742170374",
			"isUnIndexed": false,
			"geometryId": "8185fe89-e8d2-4a48-b660-a051da320878",
			"subMeshes": null,
			"materialId": "96ced08b-ea74-4559-874c-a35fd15642ea",
			"metadata": {
				"gltf": {
					"pointers": [
						"/meshes/2/primitives/0",
						"/nodes/2"
					]
				},
				"basePoseMatrix": {
					"0": 0.19607843458652496,
					"1": 0,
					"2": 0,
					"3": 0,
					"4": 0,
					"5": -4.478628170545562e-7,
					"6": -0.24390244483947754,
					"7": 0,
					"8": 0,
					"9": 3.3333332538604736,
					"10": -3.2770451241503906e-8,
					"11": 0,
					"12": 0,
					"13": -5.524471282958984,
					"14": 0.006097615230828524,
					"15": 1
				},
				"originalSourceFile": {
					"id": "9d7a1772-400b-4b67-bfaf-25ed602420ab",
					"name": "Battery_Panel_cover",
					"sceneFileName": "EngineRoom/scene/scene.babylon"
				},
				"isPickable": false
			},
			"instances": [],
			"animations": [],
			"ranges": [],
			"layerMask": 268435455,
			"alphaIndex": 1.7976931348623157e+308,
			"hasVertexAlpha": false,
			"overlayAlpha": 0.3,
			"overlayColor": [
				1,
				0,
				0
			],
			"applyFog": true,
			"delayLoadingFile": "geometries/8185fe89-e8d2-4a48-b660-a051da320878.babylonbinarymeshdata",
			"boundingBoxMaximum": [
				0.5,
				0.4999995231628418,
				0.5
			],
			"boundingBoxMinimum": [
				-0.5,
				-0.5,
				-0.5
			],
			"_binaryInfo": {
				"positionsAttrDesc": {
					"count": 216,
					"stride": 3,
					"offset": 0,
					"dataType": 1
				},
				"normalsAttrDesc": {
					"count": 216,
					"stride": 3,
					"offset": 864,
					"dataType": 1
				},
				"uvsAttrDesc": {
					"count": 144,
					"stride": 2,
					"offset": 1728,
					"dataType": 1
				},
				"indicesAttrDesc": {
					"count": 180,
					"stride": 1,
					"offset": 2304,
					"dataType": 0
				},
				"subMeshesAttrDesc": {
					"count": 1,
					"stride": 5,
					"offset": 3024,
					"dataType": 0
				}
			},
			"positions": null,
			"normals": null,
			"uvs": null,
			"hasUVs": true,
			"indices": null
		}
	],
	"multiMaterials": [],
	"lods": []
}