{
	"materials": [],
	"meshes": [
		{
			"name": "ExitScanner",
			"id": "b88165da-d8b8-4ac0-a088-ded0679c4a15",
			"uniqueId": 371,
			"type": "Mesh",
			"position": [
				-44.586082458496094,
				9.519551277160645,
				57.904136657714844
			],
			"rotationQuaternion": [
				1,
				6.123234262925839e-17,
				-6.123234262925839e-17,
				-3.7493997369228706e-33
			],
			"scaling": [
				1,
				-0.9999998211860657,
				1.000000238418579
			],
			"localMatrix": {
				"0": 1,
				"1": 0,
				"2": 0,
				"3": 0,
				"4": 0,
				"5": 1,
				"6": 0,
				"7": 0,
				"8": 0,
				"9": 0,
				"10": 1,
				"11": 0,
				"12": 0,
				"13": 0,
				"14": 0,
				"15": 1
			},
			"isEnabled": true,
			"isVisible": true,
			"infiniteDistance": false,
			"pickable": true,
			"receiveShadows": false,
			"billboardMode": 0,
			"visibility": 1,
			"checkCollisions": false,
			"isBlocker": false,
			"overrideMaterialSideOrientation": null,
			"parentId": "5721e119-d4ca-483f-9c8b-6d26b95389dd",
			"isUnIndexed": false,
			"materialId": "6693af2b-de2c-4ead-9ac0-857f212c4887",
			"metadata": {
				"basePoseMatrix": {
					"0": 1,
					"1": -1.2246471172829639e-16,
					"2": -1.2246465878873718e-16,
					"3": 0,
					"4": 1.2246468525851679e-16,
					"5": 1.000000238418579,
					"6": 2.089896529694032e-40,
					"7": 0,
					"8": -1.2246468525851679e-16,
					"9": 1.4997601980315758e-32,
					"10": -0.9999997615814209,
					"11": 0,
					"12": 44.586082458496094,
					"13": -9.519553184509277,
					"14": 57.90412139892578,
					"15": 1
				},
				"originalSourceFile": {
					"id": "3b3a5940-fc39-40c8-8cf4-ad2418047319",
					"name": "ExitScanner",
					"sceneFileName": "EngineRoom/scene/scene.babylon"
				},
				"isPickable": false,
				"script": {
					"name": "None"
				},
				"renderingGroupId": 0
			},
			"instances": [],
			"animations": [],
			"ranges": [],
			"layerMask": 268435455,
			"alphaIndex": 1.7976931348623157e+308,
			"hasVertexAlpha": false,
			"overlayAlpha": 0.5,
			"overlayColor": [
				1,
				0,
				0
			],
			"applyFog": true
		}
	],
	"multiMaterials": [],
	"lods": []
}