{
	"materials": [],
	"meshes": [
		{
			"name": "Keyboard",
			"id": "08a3efae-b7a0-420b-b6be-93a61c76fc45",
			"uniqueId": 398,
			"type": "Mesh",
			"position": [
				-0.000018238177290186286,
				4.486871242523193,
				1.2034825086593628
			],
			"rotationQuaternion": [
				4.498383443349189e-14,
				5.995048478904506e-15,
				-0.0000017370743421425857,
				0.9999999999984914
			],
			"scaling": [
				0.8750000596104681,
				3.750002384206209,
				0.10000000149011612
			],
			"localMatrix": {
				"0": 1,
				"1": 0,
				"2": 0,
				"3": 0,
				"4": 0,
				"5": 1,
				"6": 0,
				"7": 0,
				"8": 0,
				"9": 0,
				"10": 1,
				"11": 0,
				"12": 0,
				"13": 0,
				"14": 0,
				"15": 1
			},
			"isEnabled": true,
			"isVisible": true,
			"infiniteDistance": false,
			"pickable": true,
			"receiveShadows": false,
			"billboardMode": 0,
			"visibility": 1,
			"checkCollisions": false,
			"isBlocker": false,
			"overrideMaterialSideOrientation": 0,
			"parentId": "230a548d-083d-4e0c-8293-6bb504ec3305",
			"isUnIndexed": false,
			"geometryId": "6ac19659-67e2-4b54-8034-ab94cb2406ff",
			"subMeshes": null,
			"materialId": "c1d0220e-aaec-416d-bcc5-c57a35b6574e",
			"metadata": {
				"gltf": {
					"pointers": [
						"/meshes/2/primitives/0",
						"/nodes/2"
					]
				},
				"basePoseMatrix": {
					"0": 1.1428570747375488,
					"1": 9.264390428143088e-7,
					"2": 1.198993974851209e-13,
					"3": 0,
					"4": -0.000003970455509261228,
					"5": 0.2666665017604828,
					"6": -8.996768716303116e-13,
					"7": 0,
					"8": -1.3703145707716618e-14,
					"9": 2.3991357809899014e-14,
					"10": 10,
					"11": 0,
					"12": 0.00003865855251206085,
					"13": -1.1964982748031616,
					"14": -12.034825325012207,
					"15": 1
				},
				"originalSourceFile": {
					"id": "0d98fb06-43f5-4aa2-b07b-33ccc25fbdc7",
					"name": "Keyboard",
					"sceneFileName": "EngineRoom/scene/scene.babylon"
				},
				"isPickable": false
			},
			"instances": [],
			"animations": [],
			"ranges": [],
			"layerMask": 268435455,
			"alphaIndex": 1.7976931348623157e+308,
			"hasVertexAlpha": false,
			"overlayAlpha": 0.3,
			"overlayColor": [
				1,
				0,
				0
			],
			"applyFog": true,
			"delayLoadingFile": "geometries/6ac19659-67e2-4b54-8034-ab94cb2406ff.babylonbinarymeshdata",
			"boundingBoxMaximum": [
				0.5,
				0.5,
				0.5
			],
			"boundingBoxMinimum": [
				-0.5,
				-0.5,
				-0.5
			],
			"_binaryInfo": {
				"positionsAttrDesc": {
					"count": 72,
					"stride": 3,
					"offset": 0,
					"dataType": 1
				},
				"normalsAttrDesc": {
					"count": 72,
					"stride": 3,
					"offset": 288,
					"dataType": 1
				},
				"uvsAttrDesc": {
					"count": 48,
					"stride": 2,
					"offset": 576,
					"dataType": 1
				},
				"indicesAttrDesc": {
					"count": 36,
					"stride": 1,
					"offset": 768,
					"dataType": 0
				},
				"subMeshesAttrDesc": {
					"count": 1,
					"stride": 5,
					"offset": 912,
					"dataType": 0
				}
			},
			"positions": null,
			"normals": null,
			"uvs": null,
			"hasUVs": true,
			"indices": null
		}
	],
	"multiMaterials": [],
	"lods": []
}