{
	"materials": [],
	"meshes": [
		{
			"name": "Model::Incubator",
			"id": "77366720-5df3-4684-a88e-108e7edc329c",
			"uniqueId": 230,
			"type": "Mesh",
			"position": [
				-2.3963167667388916,
				2.4541661739349365,
				-3.3119239807128906
			],
			"rotationQuaternion": [
				-0.7071068387896751,
				0,
				0,
				0.7071067235834155
			],
			"scaling": [
				2.9265120029449463,
				2.926512002944985,
				0.5853027701377946
			],
			"pivotMatrix": {
				"0": 1,
				"1": 0,
				"2": 0,
				"3": 0,
				"4": 0,
				"5": 1,
				"6": 0,
				"7": 0,
				"8": 0,
				"9": 0,
				"10": 1,
				"11": 0,
				"12": 0,
				"13": 0,
				"14": 0,
				"15": 1
			},
			"isEnabled": true,
			"isVisible": true,
			"infiniteDistance": false,
			"pickable": true,
			"receiveShadows": false,
			"billboardMode": 0,
			"visibility": 1,
			"checkCollisions": false,
			"isBlocker": false,
			"overrideMaterialSideOrientation": null,
			"parentId": "ca18225d-0131-4650-84cc-766f42e2ca36",
			"isUnIndexed": false,
			"geometryId": "f4045e54-3272-4dcd-8abc-c0ed07de9d34",
			"subMeshes": null,
			"materialId": "e7014428-db3c-4e7c-8b0b-aab6f9c306c3",
			"metadata": {
				"basePoseMatrix": {
					"0": 0.34170371294021606,
					"1": 0,
					"2": 0,
					"3": 0,
					"4": 0,
					"5": -5.567250482840791e-8,
					"6": 1.7085174322128296,
					"7": 0,
					"8": 0,
					"9": -0.34170371294021606,
					"10": -2.7836233584821457e-7,
					"11": 0,
					"12": 0.8188303112983704,
					"13": -1.1316965818405151,
					"14": -4.192986488342285,
					"15": 1
				},
				"originalSourceFile": {
					"id": "faf3aa68-f95a-423e-a9d0-92601fce2498",
					"name": "Model::Incubator",
					"sceneFileName": "EngineRoom/scene/scene.babylon"
				},
				"isPickable": true,
				"script": {
					"name": "None"
				},
				"renderingGroupId": 0,
				"doNotExport": false
			},
			"instances": [],
			"animations": [],
			"ranges": [],
			"layerMask": 268435455,
			"alphaIndex": 1.7976931348623157e+308,
			"hasVertexAlpha": false,
			"overlayAlpha": 0.3,
			"overlayColor": [
				1,
				0,
				0
			],
			"applyFog": true,
			"delayLoadingFile": "geometries/f4045e54-3272-4dcd-8abc-c0ed07de9d34.babylonbinarymeshdata",
			"boundingBoxMaximum": [
				1,
				1,
				23.224952697753906
			],
			"boundingBoxMinimum": [
				-1,
				-1,
				-1
			],
			"_binaryInfo": {
				"positionsAttrDesc": {
					"count": 2232,
					"stride": 3,
					"offset": 0,
					"dataType": 1
				},
				"normalsAttrDesc": {
					"count": 2232,
					"stride": 3,
					"offset": 8928,
					"dataType": 1
				},
				"uvsAttrDesc": {
					"count": 1488,
					"stride": 2,
					"offset": 17856,
					"dataType": 1
				},
				"indicesAttrDesc": {
					"count": 744,
					"stride": 1,
					"offset": 23808,
					"dataType": 0
				},
				"subMeshesAttrDesc": {
					"count": 1,
					"stride": 5,
					"offset": 26784,
					"dataType": 0
				}
			},
			"positions": null,
			"normals": null,
			"uvs": null,
			"hasUVs": true,
			"indices": null
		}
	],
	"multiMaterials": [],
	"lods": []
}