{
	"materials": [],
	"meshes": [
		{
			"name": "Model::SM_Terminal_A_UI",
			"id": "ebac9d6a-b579-4035-9efe-2f8b679122e4",
			"uniqueId": 343,
			"type": "Mesh",
			"position": [
				-19.68993377685547,
				2.368278741836548,
				9.809237480163574
			],
			"rotationQuaternion": [
				2.380251759581675e-10,
				-7.469943066884532e-11,
				6.929973747626939e-10,
				1
			],
			"scaling": [
				1,
				1,
				1
			],
			"localMatrix": {
				"0": 1,
				"1": 0,
				"2": 0,
				"3": 0,
				"4": 0,
				"5": 1,
				"6": 0,
				"7": 0,
				"8": 0,
				"9": 0,
				"10": 1,
				"11": 0,
				"12": 0,
				"13": 0,
				"14": 0,
				"15": 1
			},
			"isEnabled": true,
			"isVisible": true,
			"infiniteDistance": false,
			"pickable": true,
			"receiveShadows": false,
			"billboardMode": 0,
			"visibility": 1,
			"checkCollisions": false,
			"isBlocker": false,
			"overrideMaterialSideOrientation": null,
			"parentId": "a115926f-ac76-4456-81f0-7577effd5713",
			"isUnIndexed": false,
			"geometryId": "fe111ad5-5d12-41b4-8d44-463509c7f20f",
			"subMeshes": null,
			"materialId": "75288b51-e55e-450d-b147-1d4b88b50068",
			"metadata": {
				"basePoseMatrix": {
					"0": 1,
					"1": -1.3859947634031755e-9,
					"2": -1.4939886827658455e-10,
					"3": 0,
					"4": 1.3859947634031755e-9,
					"5": 1,
					"6": -4.760503657941229e-10,
					"7": 0,
					"8": 1.4939885439879674e-10,
					"9": 4.760503657941229e-10,
					"10": 1,
					"11": 0,
					"12": 19.68993377685547,
					"13": -2.368278741836548,
					"14": -9.809237480163574,
					"15": 1
				},
				"originalSourceFile": {
					"id": "a616fc17-c71f-4560-bec3-90e82222f9f7",
					"name": "Model::SM_Terminal_A_UI",
					"sceneFileName": "EngineRoom/scene/scene.babylon"
				},
				"isPickable": false,
				"script": {
					"name": "None"
				},
				"renderingGroupId": 0
			},
			"instances": [],
			"animations": [],
			"ranges": [],
			"layerMask": 268435455,
			"alphaIndex": 1.7976931348623157e+308,
			"hasVertexAlpha": false,
			"overlayAlpha": 0.3,
			"overlayColor": [
				1,
				0,
				0
			],
			"applyFog": true,
			"delayLoadingFile": "geometries/fe111ad5-5d12-41b4-8d44-463509c7f20f.babylonbinarymeshdata",
			"boundingBoxMaximum": [
				165.49298095703125,
				144.274658203125,
				151.9390411376953
			],
			"boundingBoxMinimum": [
				52.437652587890625,
				-144.48388671875,
				116.73831176757812
			],
			"_binaryInfo": {
				"positionsAttrDesc": {
					"count": 32616,
					"stride": 3,
					"offset": 0,
					"dataType": 1
				},
				"normalsAttrDesc": {
					"count": 32616,
					"stride": 3,
					"offset": 130464,
					"dataType": 1
				},
				"uvsAttrDesc": {
					"count": 21744,
					"stride": 2,
					"offset": 260928,
					"dataType": 1
				},
				"indicesAttrDesc": {
					"count": 10872,
					"stride": 1,
					"offset": 347904,
					"dataType": 0
				},
				"subMeshesAttrDesc": {
					"count": 5,
					"stride": 5,
					"offset": 391392,
					"dataType": 0
				}
			},
			"positions": null,
			"normals": null,
			"uvs": null,
			"hasUVs": true,
			"indices": null
		}
	],
	"multiMaterials": [],
	"lods": []
}