{
	"materials": [],
	"meshes": [
		{
			"name": "Pipe",
			"id": "71614a1b-a06a-4205-ac39-d1dd08b16621",
			"uniqueId": 950,
			"type": "Mesh",
			"position": [
				-5.609449863433838,
				13.649782180786133,
				-14.916609764099121
			],
			"rotationQuaternion": [
				0.5,
				0.5,
				-0.4999999999999999,
				0.5000000000000001
			],
			"scaling": [
				0.9999997615814209,
				0.9999997615814209,
				0.9999999403953552
			],
			"localMatrix": {
				"0": 1,
				"1": 0,
				"2": 0,
				"3": 0,
				"4": 0,
				"5": 1,
				"6": 0,
				"7": 0,
				"8": 0,
				"9": 0,
				"10": 1,
				"11": 0,
				"12": 0,
				"13": 0,
				"14": 0,
				"15": 1
			},
			"isEnabled": true,
			"isVisible": true,
			"infiniteDistance": false,
			"pickable": true,
			"receiveShadows": false,
			"billboardMode": 0,
			"visibility": 1,
			"checkCollisions": false,
			"isBlocker": false,
			"overrideMaterialSideOrientation": 0,
			"parentId": "6bc72bba-2ba0-4b07-953e-82ff37e08438",
			"isUnIndexed": false,
			"geometryId": "f3e594e9-225c-45a2-9bd6-aaed921149fa",
			"subMeshes": null,
			"materialId": "default material",
			"metadata": {
				"gltf": {
					"pointers": [
						"/meshes/0/primitives/0",
						"/nodes/0"
					]
				},
				"basePoseMatrix": {
					"0": -1,
					"1": 0,
					"2": 0,
					"3": 0,
					"4": 0,
					"5": -1.3435887069590535e-7,
					"6": -1,
					"7": 0,
					"8": 0,
					"9": 1,
					"10": -1.3435887069590535e-7,
					"11": 0,
					"12": 0,
					"13": 0,
					"14": 0,
					"15": 1
				},
				"originalSourceFile": {
					"id": "Pipe",
					"name": "Pipe",
					"sceneFileName": "EngineRoom/Anomaly Models/glb/Angled Pipe.glb"
				},
				"isPickable": false,
				"script": {
					"name": "None"
				},
				"renderingGroupId": 0
			},
			"instances": [
				{
					"name": "Pipe (Mesh Instance)",
					"id": "ff2ac966-375e-4044-905a-ca749f505090",
					"isEnabled": true,
					"isVisible": true,
					"isPickable": true,
					"checkCollisions": false,
					"position": [
						5.8287811279296875,
						13.649782180786133,
						-14.916609764099121
					],
					"scaling": [
						0.9999997615814209,
						0.9999997615814209,
						0.9999999403953552
					],
					"parentId": "6bc72bba-2ba0-4b07-953e-82ff37e08438",
					"rotationQuaternion": [
						0.5,
						0.5,
						-0.4999999999999999,
						0.5000000000000001
					],
					"metadata": {
						"isPickable": false,
						"script": {
							"name": "None"
						},
						"renderingGroupId": 0
					},
					"animations": [],
					"ranges": []
				},
				{
					"name": "Pipe (Mesh Instance)",
					"id": "495a784e-4e4a-430e-b6ac-55f52cc9711a",
					"isEnabled": true,
					"isVisible": true,
					"isPickable": true,
					"checkCollisions": false,
					"position": [
						33.60805892944336,
						13.649782180786133,
						-14.916609764099121
					],
					"scaling": [
						0.9999997615814209,
						0.9999997615814209,
						0.9999999403953552
					],
					"parentId": "6bc72bba-2ba0-4b07-953e-82ff37e08438",
					"rotationQuaternion": [
						0.5,
						0.5,
						-0.4999999999999999,
						0.5000000000000001
					],
					"metadata": {
						"isPickable": false,
						"script": {
							"name": "None"
						},
						"renderingGroupId": 0
					},
					"animations": [],
					"ranges": []
				},
				{
					"name": "Pipe (Mesh Instance)",
					"id": "65c907b9-0f6c-49ec-a632-ae2a9d39a15a",
					"isEnabled": true,
					"isVisible": true,
					"isPickable": true,
					"checkCollisions": false,
					"position": [
						43.604774475097656,
						13.649782180786133,
						-14.916609764099121
					],
					"scaling": [
						0.9999997615814209,
						0.9999997615814209,
						0.9999999403953552
					],
					"parentId": "6bc72bba-2ba0-4b07-953e-82ff37e08438",
					"rotationQuaternion": [
						0.5,
						0.5,
						-0.4999999999999999,
						0.5000000000000001
					],
					"metadata": {
						"isPickable": false,
						"script": {
							"name": "None"
						},
						"renderingGroupId": 0
					},
					"animations": [],
					"ranges": []
				}
			],
			"animations": [],
			"ranges": [],
			"layerMask": 268435455,
			"alphaIndex": 1.7976931348623157e+308,
			"hasVertexAlpha": false,
			"overlayAlpha": 0.3,
			"overlayColor": [
				1,
				0,
				0
			],
			"applyFog": true,
			"delayLoadingFile": "geometries/f3e594e9-225c-45a2-9bd6-aaed921149fa.babylonbinarymeshdata",
			"boundingBoxMaximum": [
				6.933966636657715,
				0.9510565996170044,
				1
			],
			"boundingBoxMinimum": [
				-1.0000001192092896,
				-1.0631202459335327,
				-8.629430770874023
			],
			"_binaryInfo": {
				"positionsAttrDesc": {
					"count": 546,
					"stride": 3,
					"offset": 0,
					"dataType": 1
				},
				"normalsAttrDesc": {
					"count": 546,
					"stride": 3,
					"offset": 2184,
					"dataType": 1
				},
				"uvsAttrDesc": {
					"count": 364,
					"stride": 2,
					"offset": 4368,
					"dataType": 1
				},
				"indicesAttrDesc": {
					"count": 300,
					"stride": 1,
					"offset": 5824,
					"dataType": 0
				},
				"subMeshesAttrDesc": {
					"count": 1,
					"stride": 5,
					"offset": 7024,
					"dataType": 0
				}
			},
			"positions": null,
			"normals": null,
			"uvs": null,
			"hasUVs": true,
			"indices": null
		}
	],
	"multiMaterials": [],
	"lods": []
}