{
	"materials": [],
	"meshes": [
		{
			"name": "Plane",
			"id": "82f28cb4-2aeb-4f87-9f27-b5c551062921",
			"uniqueId": 364,
			"type": "Mesh",
			"position": [
				0,
				0.5174698829650879,
				0.006097554694861174
			],
			"rotationQuaternion": [
				0,
				0,
				0,
				1
			],
			"scaling": [
				0.35307177901268005,
				6.002220630645752,
				0.4391869008541107
			],
			"localMatrix": {
				"0": 1,
				"1": 0,
				"2": 0,
				"3": 0,
				"4": 0,
				"5": 1,
				"6": 0,
				"7": 0,
				"8": 0,
				"9": 0,
				"10": 1,
				"11": 0,
				"12": 0,
				"13": 0,
				"14": 0,
				"15": 1
			},
			"isEnabled": true,
			"isVisible": true,
			"infiniteDistance": false,
			"pickable": true,
			"receiveShadows": false,
			"billboardMode": 0,
			"visibility": 1,
			"checkCollisions": false,
			"isBlocker": false,
			"overrideMaterialSideOrientation": 0,
			"parentId": "58ddfb92-631e-495c-a06d-5fa45415eee6",
			"isUnIndexed": false,
			"geometryId": "3b868c08-5818-4774-b322-f46089da85ff",
			"subMeshes": null,
			"materialId": "3bcc6434-ae73-4e41-8797-55bdcbe95405",
			"metadata": {
				"gltf": {
					"pointers": [
						"/meshes/1/primitives/0",
						"/nodes/1"
					]
				},
				"basePoseMatrix": {
					"0": 2.832285165786743,
					"1": 0,
					"2": 0,
					"3": 0,
					"4": 0,
					"5": 0.16660501062870026,
					"6": 0,
					"7": 0,
					"8": 0,
					"9": 0,
					"10": 2.276934862136841,
					"11": 0,
					"12": 0,
					"13": -0.08621307462453842,
					"14": -0.013883735053241253,
					"15": 1
				},
				"originalSourceFile": {
					"id": "960bb432-cff1-43c2-9d7e-b3053e06bcbc",
					"name": "Plane",
					"sceneFileName": "EngineRoom/scene/scene.babylon"
				},
				"isPickable": false
			},
			"instances": [],
			"animations": [],
			"ranges": [],
			"layerMask": 268435455,
			"alphaIndex": 1.7976931348623157e+308,
			"hasVertexAlpha": false,
			"overlayAlpha": 0.3,
			"overlayColor": [
				1,
				0,
				0
			],
			"applyFog": true,
			"delayLoadingFile": "geometries/3b868c08-5818-4774-b322-f46089da85ff.babylonbinarymeshdata",
			"boundingBoxMaximum": [
				1,
				0,
				1
			],
			"boundingBoxMinimum": [
				-1,
				0,
				-1
			],
			"_binaryInfo": {
				"positionsAttrDesc": {
					"count": 12,
					"stride": 3,
					"offset": 0,
					"dataType": 1
				},
				"normalsAttrDesc": {
					"count": 12,
					"stride": 3,
					"offset": 48,
					"dataType": 1
				},
				"uvsAttrDesc": {
					"count": 8,
					"stride": 2,
					"offset": 96,
					"dataType": 1
				},
				"indicesAttrDesc": {
					"count": 6,
					"stride": 1,
					"offset": 128,
					"dataType": 0
				},
				"subMeshesAttrDesc": {
					"count": 1,
					"stride": 5,
					"offset": 152,
					"dataType": 0
				}
			},
			"positions": null,
			"normals": null,
			"uvs": null,
			"hasUVs": true,
			"indices": null
		}
	],
	"multiMaterials": [],
	"lods": []
}