{
	"materials": [],
	"meshes": [
		{
			"name": "RedScreen",
			"id": "1ebf5bf1-9e92-4b8d-a57c-bda003912a2b",
			"uniqueId": 335,
			"type": "Mesh",
			"position": [
				0,
				0.31658682227134705,
				0.005372398998588324
			],
			"rotationQuaternion": [
				6.123237240776044e-17,
				0,
				0,
				1
			],
			"scaling": [
				0.4364669919013977,
				1.25,
				0.47195401787757874
			],
			"localMatrix": {
				"0": 1,
				"1": 0,
				"2": 0,
				"3": 0,
				"4": 0,
				"5": 1,
				"6": 0,
				"7": 0,
				"8": 0,
				"9": 0,
				"10": 1,
				"11": 0,
				"12": 0,
				"13": 0,
				"14": 0,
				"15": 1
			},
			"isEnabled": true,
			"isVisible": true,
			"infiniteDistance": false,
			"pickable": true,
			"receiveShadows": false,
			"billboardMode": 0,
			"visibility": 1,
			"checkCollisions": false,
			"isBlocker": false,
			"overrideMaterialSideOrientation": 0,
			"parentId": "0d6f7027-4d6d-4e4e-b742-9730faf5fefa",
			"isUnIndexed": false,
			"geometryId": "a8f229d4-3b3c-450b-a7b4-4ad552f64d2f",
			"subMeshes": null,
			"materialId": "15fbb9ff-5aa9-49ed-becf-c38a99c81fbc",
			"metadata": {
				"gltf": {
					"pointers": [
						"/meshes/1/primitives/0",
						"/nodes/1"
					]
				},
				"basePoseMatrix": {
					"0": 2.291124105453491,
					"1": 0,
					"2": 0,
					"3": 0,
					"4": 0,
					"5": 0.800000011920929,
					"6": -2.5948449351507585e-16,
					"7": 0,
					"8": 0,
					"9": 9.797180114637263e-17,
					"10": 2.1188504695892334,
					"11": 0,
					"12": 0,
					"13": -0.2532694637775421,
					"14": -0.011383309960365295,
					"15": 1
				},
				"originalSourceFile": {
					"id": "4d88b520-3e38-4aa9-8444-d2d3734c14e7",
					"name": "RedScreen",
					"sceneFileName": "EngineRoom/scene/scene.babylon"
				},
				"isPickable": true,
				"script": {
					"name": "None"
				},
				"renderingGroupId": 0
			},
			"instances": [],
			"animations": [],
			"ranges": [],
			"layerMask": 268435455,
			"alphaIndex": 1.7976931348623157e+308,
			"hasVertexAlpha": false,
			"overlayAlpha": 0.3,
			"overlayColor": [
				1,
				0,
				0
			],
			"applyFog": false,
			"delayLoadingFile": "geometries/a8f229d4-3b3c-450b-a7b4-4ad552f64d2f.babylonbinarymeshdata",
			"boundingBoxMaximum": [
				1,
				0,
				1
			],
			"boundingBoxMinimum": [
				-1,
				0,
				-1
			],
			"_binaryInfo": {
				"positionsAttrDesc": {
					"count": 12,
					"stride": 3,
					"offset": 0,
					"dataType": 1
				},
				"normalsAttrDesc": {
					"count": 12,
					"stride": 3,
					"offset": 48,
					"dataType": 1
				},
				"uvsAttrDesc": {
					"count": 8,
					"stride": 2,
					"offset": 96,
					"dataType": 1
				},
				"indicesAttrDesc": {
					"count": 6,
					"stride": 1,
					"offset": 128,
					"dataType": 0
				},
				"subMeshesAttrDesc": {
					"count": 1,
					"stride": 5,
					"offset": 152,
					"dataType": 0
				}
			},
			"positions": null,
			"normals": null,
			"uvs": null,
			"hasUVs": true,
			"indices": null
		}
	],
	"multiMaterials": [],
	"lods": []
}