{
	"materials": [],
	"meshes": [
		{
			"name": "Scanner",
			"id": "0d6f7027-4d6d-4e4e-b742-9730faf5fefa",
			"uniqueId": 330,
			"type": "Mesh",
			"position": [
				-1.0205570788457408e-7,
				0.026862232014536858,
				0
			],
			"rotationQuaternion": [
				0.7071067811865475,
				0,
				0,
				0.7071067811865476
			],
			"scaling": [
				2.5278525352478027,
				0.674095094203949,
				4.2130866050720215
			],
			"localMatrix": {
				"0": 1,
				"1": 0,
				"2": 0,
				"3": 0,
				"4": 0,
				"5": 1,
				"6": 0,
				"7": 0,
				"8": 0,
				"9": 0,
				"10": 1,
				"11": 0,
				"12": 0,
				"13": 0,
				"14": 0,
				"15": 1
			},
			"isEnabled": true,
			"isVisible": true,
			"infiniteDistance": false,
			"pickable": true,
			"receiveShadows": false,
			"billboardMode": 0,
			"visibility": 1,
			"checkCollisions": false,
			"isBlocker": false,
			"overrideMaterialSideOrientation": 0,
			"parentId": "08049d18-27f7-45d4-ab57-01de611c25de",
			"isUnIndexed": false,
			"geometryId": "d8cedd33-0f8d-47f7-8cd1-92d0f669418f",
			"subMeshes": null,
			"materialId": "d4f8fe30-9121-4db3-ab21-8755574a1ba7",
			"metadata": {
				"gltf": {
					"pointers": [
						"/meshes/2/primitives/0",
						"/nodes/2"
					]
				},
				"basePoseMatrix": {
					"0": 0.39559268951416016,
					"1": 0,
					"2": 0,
					"3": 0,
					"4": 0,
					"5": 3.2939655480841647e-16,
					"6": -0.23735566437244415,
					"7": 0,
					"8": 0,
					"9": 1.4834702014923096,
					"10": 5.270354472229769e-17,
					"11": 0,
					"12": 4.037249112798236e-8,
					"13": -8.848327024241973e-18,
					"14": 0.0063759032636880875,
					"15": 1
				},
				"originalSourceFile": {
					"id": "7ff7cfe8-0a0b-48d9-b69b-b460ce491c69",
					"name": "Scanner",
					"sceneFileName": "EngineRoom/scene/scene.babylon"
				},
				"isPickable": true,
				"script": {
					"name": "None"
				},
				"renderingGroupId": 0
			},
			"instances": [],
			"animations": [],
			"ranges": [],
			"layerMask": 268435455,
			"alphaIndex": 1.7976931348623157e+308,
			"hasVertexAlpha": false,
			"overlayAlpha": 0.3,
			"overlayColor": [
				1,
				0,
				0
			],
			"applyFog": true,
			"delayLoadingFile": "geometries/d8cedd33-0f8d-47f7-8cd1-92d0f669418f.babylonbinarymeshdata",
			"boundingBoxMaximum": [
				0.5,
				0.5,
				0.49999988079071045
			],
			"boundingBoxMinimum": [
				-0.5,
				-0.5,
				-0.5000000596046448
			],
			"_binaryInfo": {
				"positionsAttrDesc": {
					"count": 390,
					"stride": 3,
					"offset": 0,
					"dataType": 1
				},
				"normalsAttrDesc": {
					"count": 390,
					"stride": 3,
					"offset": 1560,
					"dataType": 1
				},
				"uvsAttrDesc": {
					"count": 260,
					"stride": 2,
					"offset": 3120,
					"dataType": 1
				},
				"indicesAttrDesc": {
					"count": 348,
					"stride": 1,
					"offset": 4160,
					"dataType": 0
				},
				"subMeshesAttrDesc": {
					"count": 1,
					"stride": 5,
					"offset": 5552,
					"dataType": 0
				}
			},
			"positions": null,
			"normals": null,
			"uvs": null,
			"hasUVs": true,
			"indices": null
		}
	],
	"multiMaterials": [],
	"lods": []
}