{
	"materials": [],
	"meshes": [
		{
			"name": "Screen",
			"id": "08049d18-27f7-45d4-ab57-01de611c25de",
			"uniqueId": 327,
			"type": "Mesh",
			"position": [
				-16.849864959716797,
				25.202449798583984,
				-6.545375823974609
			],
			"rotationQuaternion": [
				0,
				0,
				0.7071067811865475,
				0.7071067811865476
			],
			"scaling": [
				4.671932220458984,
				-5.783873558044434,
				1
			],
			"localMatrix": {
				"0": 1,
				"1": 0,
				"2": 0,
				"3": 0,
				"4": 0,
				"5": 1,
				"6": 0,
				"7": 0,
				"8": 0,
				"9": 0,
				"10": 1,
				"11": 0,
				"12": 0,
				"13": 0,
				"14": 0,
				"15": 1
			},
			"isEnabled": true,
			"isVisible": true,
			"infiniteDistance": false,
			"pickable": true,
			"receiveShadows": false,
			"billboardMode": 0,
			"visibility": 1,
			"checkCollisions": false,
			"isBlocker": false,
			"overrideMaterialSideOrientation": null,
			"parentId": "ca18225d-0131-4650-84cc-766f42e2ca36",
			"isUnIndexed": false,
			"materialId": "6693af2b-de2c-4ead-9ac0-857f212c4887",
			"metadata": {
				"basePoseMatrix": {
					"0": 4.7527359468851164e-17,
					"1": 0.17289450764656067,
					"2": 0,
					"3": 0,
					"4": 0.21404419839382172,
					"5": -3.839029264408837e-17,
					"6": 0,
					"7": 0,
					"8": 0,
					"9": 0,
					"10": 1,
					"11": 0,
					"12": -5.39443826675415,
					"13": 2.9132492542266846,
					"14": 6.545375823974609,
					"15": 1
				},
				"originalSourceFile": {
					"id": "f7bce1ae-d2d9-4c27-8a09-6f9234a49711",
					"name": "Screen",
					"sceneFileName": "EngineRoom/scene/scene.babylon"
				},
				"isPickable": true,
				"script": {
					"name": "None"
				},
				"renderingGroupId": 0
			},
			"instances": [],
			"animations": [],
			"ranges": [],
			"layerMask": 268435455,
			"alphaIndex": 1.7976931348623157e+308,
			"hasVertexAlpha": false,
			"overlayAlpha": 0.5,
			"overlayColor": [
				1,
				0,
				0
			],
			"applyFog": true
		}
	],
	"multiMaterials": [],
	"lods": []
}