{
	"tags": null,
	"position": [
		-21.32648277282715,
		2.6577138900756836,
		10.738607406616211
	],
	"rotation": [
		2.654982567188987e-9,
		-8.678230174845317e-11,
		1.3687926901886745e-9
	],
	"scaling": [
		1,
		1,
		1
	],
	"billboardMode": 0,
	"scalingDeterminant": 1,
	"infiniteDistance": false,
	"ignoreNonUniformScaling": false,
	"reIntegrateRotationIntoRotationQuaternion": false,
	"name": "SM_Terminal_A.FBX",
	"id": "f8d2ea56-f54b-4dd1-af63-354a9ddc3500",
	"state": "",
	"metadata": {
		"script": {
			"name": "None"
		}
	},
	"type": "TransformNode",
	"uniqueId": 186,
	"parentId": "a115926f-ac76-4456-81f0-7577effd5713",
	"localMatrix": {
		"0": 1,
		"1": 0,
		"2": 0,
		"3": 0,
		"4": 0,
		"5": 1,
		"6": 0,
		"7": 0,
		"8": 0,
		"9": 0,
		"10": 1,
		"11": 0,
		"12": 0,
		"13": 0,
		"14": 0,
		"15": 1
	},
	"isEnabled": true
}