{
	"materials": [],
	"meshes": [
		{
			"name": "Battery_Panel_cover",
			"id": "2eeb499f-aeb8-44a9-b8cf-71778a885852",
			"uniqueId": 808,
			"type": "Mesh",
			"position": [
				8.5532383309328e-7,
				-0.00627464335411787,
				1.657341480255127
			],
			"rotationQuaternion": [
				0.7071068286896136,
				0,
				0,
				0.7071067336834784
			],
			"scaling": [
				5.100000381469727,
				0.3000000119209317,
				4.099999904632605
			],
			"localMatrix": {
				"0": 1,
				"1": 0,
				"2": 0,
				"3": 0,
				"4": 0,
				"5": 1,
				"6": 0,
				"7": 0,
				"8": 0,
				"9": 0,
				"10": 1,
				"11": 0,
				"12": 0,
				"13": 0,
				"14": 0,
				"15": 1
			},
			"isEnabled": true,
			"isVisible": true,
			"infiniteDistance": false,
			"pickable": true,
			"receiveShadows": false,
			"billboardMode": 0,
			"visibility": 1,
			"checkCollisions": false,
			"isBlocker": false,
			"overrideMaterialSideOrientation": 0,
			"parentId": "db248fee-d9ed-479f-98a0-55c752834410",
			"isUnIndexed": false,
			"geometryId": "f83ed0ea-b58a-4737-95de-58541d498380",
			"subMeshes": null,
			"materialId": "default material",
			"metadata": {
				"gltf": {
					"pointers": [
						"/meshes/2/primitives/0",
						"/nodes/2"
					]
				},
				"basePoseMatrix": {
					"0": -0.19607843458652496,
					"1": 0,
					"2": 0,
					"3": 0,
					"4": 0,
					"5": -4.478628170545562e-7,
					"6": -0.24390244483947754,
					"7": 0,
					"8": 0,
					"9": 3.3333332538604736,
					"10": -3.2770451241503906e-8,
					"11": 0,
					"12": 0,
					"13": -5.524471282958984,
					"14": 0.006097615230828524,
					"15": 1
				},
				"originalSourceFile": {
					"id": "Battery_Panel_cover",
					"name": "Battery_Panel_cover",
					"sceneFileName": "EngineRoom/Anomaly Models/glb/Battery Panel.glb"
				},
				"isPickable": false,
				"script": {
					"name": "None"
				},
				"renderingGroupId": 0
			},
			"instances": [],
			"animations": [],
			"ranges": [],
			"layerMask": 268435455,
			"alphaIndex": 1.7976931348623157e+308,
			"hasVertexAlpha": false,
			"overlayAlpha": 0.3,
			"overlayColor": [
				1,
				0,
				0
			],
			"applyFog": true,
			"delayLoadingFile": "geometries/f83ed0ea-b58a-4737-95de-58541d498380.babylonbinarymeshdata",
			"boundingBoxMaximum": [
				0.5,
				0.4999995231628418,
				0.5
			],
			"boundingBoxMinimum": [
				-0.5,
				-0.5,
				-0.5
			],
			"_binaryInfo": {
				"positionsAttrDesc": {
					"count": 216,
					"stride": 3,
					"offset": 0,
					"dataType": 1
				},
				"normalsAttrDesc": {
					"count": 216,
					"stride": 3,
					"offset": 864,
					"dataType": 1
				},
				"uvsAttrDesc": {
					"count": 144,
					"stride": 2,
					"offset": 1728,
					"dataType": 1
				},
				"indicesAttrDesc": {
					"count": 180,
					"stride": 1,
					"offset": 2304,
					"dataType": 0
				},
				"subMeshesAttrDesc": {
					"count": 1,
					"stride": 5,
					"offset": 3024,
					"dataType": 0
				}
			},
			"positions": null,
			"normals": null,
			"uvs": null,
			"hasUVs": true,
			"indices": null
		}
	],
	"multiMaterials": [],
	"lods": []
}