{
	"materials": [],
	"meshes": [
		{
			"name": "EntryDoor",
			"id": "43be166e-7d38-45e3-9b3b-51d72b396eba",
			"uniqueId": 4556,
			"type": "Mesh",
			"position": [
				33.2100944519043,
				-0.1683265119791031,
				-2.239161729812622
			],
			"rotationQuaternion": [
				0,
				0,
				0.7071067811865475,
				0.7071067811865476
			],
			"scaling": [
				0.25547999143600464,
				0.18289759755134583,
				0.3091340661048889
			],
			"localMatrix": {
				"0": 1,
				"1": 0,
				"2": 0,
				"3": 0,
				"4": 0,
				"5": 1,
				"6": 0,
				"7": 0,
				"8": 0,
				"9": 0,
				"10": 1,
				"11": 0,
				"12": 0,
				"13": 0,
				"14": 0,
				"15": 1
			},
			"isEnabled": true,
			"isVisible": true,
			"infiniteDistance": false,
			"pickable": true,
			"receiveShadows": false,
			"billboardMode": 0,
			"visibility": 1,
			"checkCollisions": false,
			"isBlocker": false,
			"overrideMaterialSideOrientation": null,
			"isUnIndexed": false,
			"geometryId": "7eebc0fe-4503-4775-9a94-00d13f70800c",
			"subMeshes": null,
			"materialId": "86c0fc8d-e460-4a4b-bcd4-02f4da24c59b",
			"metadata": {
				"basePoseMatrix": {
					"0": 1,
					"1": 0,
					"2": 0,
					"3": 0,
					"4": 0,
					"5": 1,
					"6": 0,
					"7": 0,
					"8": 0,
					"9": 0,
					"10": 1,
					"11": 0,
					"12": 0,
					"13": 0,
					"14": 0,
					"15": 1
				},
				"originalSourceFile": {
					"id": "Model::Object001",
					"name": "Model::Object001",
					"sceneFileName": "EngineRoom/Anomaly Models/glb/door_01.FBX"
				},
				"isPickable": false,
				"script": {
					"name": "None"
				},
				"renderingGroupId": 0
			},
			"instances": [
				{
					"name": "ExitDoor",
					"id": "01a479cc-4a38-4630-aa2e-b5eaab080517",
					"isEnabled": true,
					"isVisible": true,
					"isPickable": true,
					"checkCollisions": false,
					"position": [
						-6.114073276519775,
						-0.026560094207525253,
						-2.239161729812622
					],
					"scaling": [
						0.25547999306734376,
						0.1828975953526463,
						0.3091340661048889
					],
					"rotationQuaternion": [
						0,
						0,
						0.7071067811865475,
						0.7071067811865476
					],
					"metadata": {
						"isPickable": false,
						"script": {
							"name": "None"
						},
						"renderingGroupId": 0
					},
					"animations": [],
					"ranges": [],
					"parentId": null
				}
			],
			"animations": [],
			"ranges": [],
			"layerMask": 268435455,
			"alphaIndex": 1.7976931348623157e+308,
			"hasVertexAlpha": false,
			"overlayAlpha": 0.3,
			"overlayColor": [
				1,
				0,
				0
			],
			"applyFog": true,
			"parentId": null,
			"delayLoadingFile": "geometries/7eebc0fe-4503-4775-9a94-00d13f70800c.babylonbinarymeshdata",
			"boundingBoxMaximum": [
				19.736401081085205,
				1.4978151191025972,
				8.946266174316406
			],
			"boundingBoxMinimum": [
				-0.348696231842041,
				-1.4978151451796293,
				-8.946265578269958
			],
			"_binaryInfo": {
				"positionsAttrDesc": {
					"count": 5580,
					"stride": 3,
					"offset": 0,
					"dataType": 1
				},
				"normalsAttrDesc": {
					"count": 5580,
					"stride": 3,
					"offset": 22320,
					"dataType": 1
				},
				"uvsAttrDesc": {
					"count": 3720,
					"stride": 2,
					"offset": 44640,
					"dataType": 1
				},
				"indicesAttrDesc": {
					"count": 1860,
					"stride": 1,
					"offset": 59520,
					"dataType": 0
				},
				"subMeshesAttrDesc": {
					"count": 1,
					"stride": 5,
					"offset": 66960,
					"dataType": 0
				}
			},
			"positions": null,
			"normals": null,
			"uvs": null,
			"hasUVs": true,
			"indices": null
		}
	],
	"multiMaterials": [],
	"lods": []
}