{
	"materials": [],
	"meshes": [
		{
			"name": "New Ground",
			"id": "f6cf7ca7-7adb-4e2f-bb65-3fd9e0abd648",
			"uniqueId": 30,
			"type": "GroundMesh",
			"position": [
				12.124777793884277,
				0,
				-2.35799503326416
			],
			"rotation": [
				0,
				1.5707963267948963,
				0
			],
			"scaling": [
				0.06156855449080467,
				0.06156855449080467,
				0.09821117669343948
			],
			"localMatrix": {
				"0": 1,
				"1": 0,
				"2": 0,
				"3": 0,
				"4": 0,
				"5": 1,
				"6": 0,
				"7": 0,
				"8": 0,
				"9": 0,
				"10": 1,
				"11": 0,
				"12": 0,
				"13": 0,
				"14": 0,
				"15": 1
			},
			"isEnabled": true,
			"isVisible": true,
			"infiniteDistance": false,
			"pickable": true,
			"receiveShadows": false,
			"billboardMode": 0,
			"visibility": 1,
			"checkCollisions": true,
			"isBlocker": false,
			"overrideMaterialSideOrientation": null,
			"isUnIndexed": false,
			"geometryId": "73501a7c-fb15-4186-aa5d-9946d1240b5e",
			"subMeshes": null,
			"materialId": "76233a09-d2f2-4898-84ee-2774462a06f1",
			"metadata": {
				"isPickable": false,
				"script": {
					"name": "None"
				},
				"renderingGroupId": 0
			},
			"instances": [
				{
					"name": "New Ground (Mesh Instance)",
					"id": "5430db47-9cbe-479a-b191-dc6c1213d777",
					"isEnabled": false,
					"isVisible": true,
					"isPickable": true,
					"checkCollisions": true,
					"position": [
						12.124777793884277,
						5.1887664794921875,
						-2.35799503326416
					],
					"scaling": [
						0.06156855449080467,
						0.06156855449080467,
						0.09821117669343948
					],
					"rotation": [
						0,
						1.5707963267948963,
						0
					],
					"metadata": {
						"isPickable": false,
						"script": {
							"name": "None"
						},
						"renderingGroupId": 0
					},
					"animations": [],
					"ranges": [],
					"parentId": null
				}
			],
			"animations": [],
			"ranges": [],
			"layerMask": 268435455,
			"alphaIndex": 1.7976931348623157e+308,
			"hasVertexAlpha": false,
			"overlayAlpha": 0.3,
			"overlayColor": [
				1,
				0,
				0
			],
			"applyFog": true,
			"subdivisionsX": 32,
			"subdivisionsY": 32,
			"minX": -256,
			"maxX": 256,
			"minZ": -256,
			"maxZ": 256,
			"width": 512,
			"height": 512,
			"parentId": null,
			"delayLoadingFile": "geometries/73501a7c-fb15-4186-aa5d-9946d1240b5e.babylonbinarymeshdata",
			"boundingBoxMaximum": [
				256,
				0,
				256
			],
			"boundingBoxMinimum": [
				-256,
				0,
				-256
			],
			"_binaryInfo": {
				"positionsAttrDesc": {
					"count": 3267,
					"stride": 3,
					"offset": 0,
					"dataType": 1
				},
				"normalsAttrDesc": {
					"count": 3267,
					"stride": 3,
					"offset": 13068,
					"dataType": 1
				},
				"uvsAttrDesc": {
					"count": 2178,
					"stride": 2,
					"offset": 26136,
					"dataType": 1
				},
				"indicesAttrDesc": {
					"count": 6144,
					"stride": 1,
					"offset": 34848,
					"dataType": 0
				},
				"subMeshesAttrDesc": {
					"count": 1,
					"stride": 5,
					"offset": 59424,
					"dataType": 0
				}
			},
			"positions": null,
			"normals": null,
			"uvs": null,
			"hasUVs": true,
			"indices": null
		}
	],
	"multiMaterials": [],
	"lods": []
}